{"cameraMode":{"drawMode":0,"name":"Shaded","section":"Shading Mode"},"sceneLighting":false,"audioPlay":false,"sceneViewState":{"showFog":true,"showMaterialUpdate":false,"showSkybox":true,"showFlares":true,"showImageEffects":true,"showParticleSystems":true},"in2DMode":false,"pivot":{"x":-0.5077066421508789,"y":4.988617897033691,"z":12.016409873962403},"rotation":{"x":0.18502271175384522,"y":0.7629503607749939,"z":-0.2488681823015213,"w":0.5672212839126587},"size":5.872358322143555,"orthographic":false}