{"cameraMode":{"drawMode":0,"name":"Shaded","section":"Shading Mode"},"sceneLighting":false,"audioPlay":false,"sceneViewState":{"showFog":true,"showMaterialUpdate":false,"showSkybox":true,"showFlares":true,"showImageEffects":true,"showParticleSystems":true},"in2DMode":false,"pivot":{"x":-0.3248782157897949,"y":0.4317893981933594,"z":-2.569563150405884},"rotation":{"x":0.18502271175384522,"y":0.7629503607749939,"z":-0.2488681823015213,"w":0.5672212839126587},"size":2.83719801902771,"orthographic":false}