{"cameraMode":{"drawMode":0,"name":"Shaded","section":"Shading Mode"},"sceneLighting":false,"audioPlay":false,"sceneViewState":{"showFog":true,"showMaterialUpdate":false,"showSkybox":true,"showFlares":true,"showImageEffects":true,"showParticleSystems":true},"in2DMode":false,"pivot":{"x":0.032851383090019229,"y":-0.06983055174350739,"z":-0.00910632498562336},"rotation":{"x":0.18502271175384522,"y":0.7629503607749939,"z":-0.2488681823015213,"w":0.5672212839126587},"size":0.781326949596405,"orthographic":false}