{"cameraMode":{"drawMode":0,"name":"Shaded","section":"Shading Mode"},"sceneLighting":false,"audioPlay":false,"sceneViewState":{"showFog":true,"showMaterialUpdate":false,"showSkybox":true,"showFlares":true,"showImageEffects":true,"showParticleSystems":true},"in2DMode":false,"pivot":{"x":1.502669095993042,"y":4.216263771057129,"z":6.599716663360596},"rotation":{"x":0.10797875374555588,"y":0.7053242921829224,"z":-0.1100713461637497,"w":0.6919140815734863},"size":2.841658592224121,"orthographic":false}