{"cameraMode":{"drawMode":0,"name":"Shaded","section":"Shading Mode"},"sceneLighting":false,"audioPlay":false,"sceneViewState":{"showFog":true,"showMaterialUpdate":false,"showSkybox":true,"showFlares":true,"showImageEffects":true,"showParticleSystems":true},"in2DMode":false,"pivot":{"x":1.9623334407806397,"y":-1.3245525360107422,"z":-0.5286083817481995},"rotation":{"x":0.18502271175384522,"y":0.7629503607749939,"z":-0.2488681823015213,"w":0.5672212839126587},"size":2.4077749252319338,"orthographic":false}