{"cameraMode":{"drawMode":0,"name":"Shaded","section":"Shading Mode"},"sceneLighting":true,"audioPlay":false,"sceneViewState":{"showFog":true,"showMaterialUpdate":false,"showSkybox":true,"showFlares":true,"showImageEffects":true,"showParticleSystems":true},"in2DMode":false,"pivot":{"x":-2.264620780944824,"y":-16.33929443359375,"z":107.09970092773438},"rotation":{"x":-0.22172725200653077,"y":0.04329054430127144,"z":-0.009853960014879704,"w":-0.9741001725196838},"size":162.70779418945313,"orthographic":false}