{"cameraMode":{"drawMode":0,"name":"Shaded","section":"Shading Mode"},"sceneLighting":false,"audioPlay":false,"sceneViewState":{"showFog":true,"showMaterialUpdate":false,"showSkybox":true,"showFlares":true,"showImageEffects":true,"showParticleSystems":true},"in2DMode":false,"pivot":{"x":-4.113022804260254,"y":0.9909520149230957,"z":-3.6848669052124025},"rotation":{"x":0.18502271175384522,"y":0.7629503607749939,"z":-0.2488681823015213,"w":0.5672212839126587},"size":2.5031306743621828,"orthographic":false}